S1,ai_nanoid
S2,ai_nanoid
S3,ai_nanoid
S4,axios_axios
S5,axios_axios
S6,axios_axios
S2,axios_axios
S7,axios_axios
S8,axios_axios
S9,axios_axios
S10,axios_axios
S11,axios_axios
S12,axios_axios
S13,axios_axios
S14,axios_axios
S15,axios_axios
S16,axios_axios
S17,axios_axios
S18,axios_axios
S19,axios_axios
S20,axios_axios
S21,date-fns_date-fns
S22,date-fns_date-fns
S23,date-fns_date-fns
S24,date-fns_date-fns
S25,date-fns_date-fns
S26,date-fns_date-fns
S27,date-fns_date-fns
S28,date-fns_date-fns
S29,date-fns_date-fns
S30,date-fns_date-fns
S31,date-fns_date-fns
S32,date-fns_date-fns
S33,date-fns_date-fns
S34,date-fns_date-fns
S35,date-fns_date-fns
S36,date-fns_date-fns
S37,date-fns_date-fns
S38,date-fns_date-fns
S39,date-fns_date-fns
S40,date-fns_date-fns
S41,date-fns_date-fns
S42,date-fns_date-fns
S43,date-fns_date-fns
S44,date-fns_date-fns
S45,date-fns_date-fns
S2,date-fns_date-fns
S46,date-fns_date-fns
S47,date-fns_date-fns
S48,date-fns_date-fns
S49,date-fns_date-fns
S50,date-fns_date-fns
S51,date-fns_date-fns
S52,date-fns_date-fns
S53,date-fns_date-fns
S54,date-fns_date-fns
S55,date-fns_date-fns
S56,date-fns_date-fns
S57,date-fns_date-fns
S58,date-fns_date-fns
S59,date-fns_date-fns
S60,date-fns_date-fns
S61,date-fns_date-fns
S62,date-fns_date-fns
S63,date-fns_date-fns
S64,date-fns_date-fns
S65,date-fns_date-fns
S66,date-fns_date-fns
S67,date-fns_date-fns
S68,date-fns_date-fns
S69,date-fns_date-fns
S70,date-fns_date-fns
S71,date-fns_date-fns
S72,date-fns_date-fns
S73,date-fns_date-fns
S74,date-fns_date-fns
S75,date-fns_date-fns
S76,date-fns_date-fns
S77,date-fns_date-fns
S78,date-fns_date-fns
S79,date-fns_date-fns
S80,date-fns_date-fns
S81,date-fns_date-fns
S82,date-fns_date-fns
S83,date-fns_date-fns
S84,date-fns_date-fns
S85,date-fns_date-fns
S86,date-fns_date-fns
S87,date-fns_date-fns
S88,date-fns_date-fns
S89,date-fns_date-fns
S90,date-fns_date-fns
S91,date-fns_date-fns
S92,date-fns_date-fns
S93,date-fns_date-fns
S94,date-fns_date-fns
S95,date-fns_date-fns
S96,date-fns_date-fns
S97,date-fns_date-fns
S98,date-fns_date-fns
S99,date-fns_date-fns
S100,date-fns_date-fns
S101,date-fns_date-fns
S102,date-fns_date-fns
S103,date-fns_date-fns
S104,date-fns_date-fns
S105,date-fns_date-fns
S106,date-fns_date-fns
S107,date-fns_date-fns
S108,date-fns_date-fns
S109,date-fns_date-fns
S110,date-fns_date-fns
S111,date-fns_date-fns
S112,date-fns_date-fns
S113,date-fns_date-fns
S114,date-fns_date-fns
S115,date-fns_date-fns
S116,date-fns_date-fns
S117,date-fns_date-fns
S118,date-fns_date-fns
S119,date-fns_date-fns
S120,date-fns_date-fns
S121,date-fns_date-fns
S122,date-fns_date-fns
S123,date-fns_date-fns
S124,date-fns_date-fns
S125,date-fns_date-fns
S126,date-fns_date-fns
S127,date-fns_date-fns
S128,date-fns_date-fns
S129,date-fns_date-fns
S130,date-fns_date-fns
S131,date-fns_date-fns
S132,date-fns_date-fns
S133,date-fns_date-fns
S134,date-fns_date-fns
S135,date-fns_date-fns
S136,date-fns_date-fns
S137,date-fns_date-fns
S138,date-fns_date-fns
S139,date-fns_date-fns
S1,dylang_shortid
S140,dylang_shortid
S141,dylang_shortid
S142,Elizabeth-Warren_iowa-caucus-app
S2,Elizabeth-Warren_iowa-caucus-app
S143,Elizabeth-Warren_iowa-caucus-app
S144,Elizabeth-Warren_iowa-caucus-app
S145,Elizabeth-Warren_iowa-caucus-app
S146,Elizabeth-Warren_iowa-caucus-app
S147,Elizabeth-Warren_iowa-caucus-app
S148,Elizabeth-Warren_iowa-caucus-app
S149,Elizabeth-Warren_iowa-caucus-app
S150,Elizabeth-Warren_iowa-caucus-app
S151,Elizabeth-Warren_iowa-caucus-app
S152,Elizabeth-Warren_iowa-caucus-app
S153,Elizabeth-Warren_iowa-caucus-app
S154,Elizabeth-Warren_iowa-caucus-app
S155,Elizabeth-Warren_iowa-caucus-app
S156,Elizabeth-Warren_iowa-caucus-app
S157,Elizabeth-Warren_iowa-caucus-app
S158,Elizabeth-Warren_iowa-caucus-app
S159,Elizabeth-Warren_iowa-caucus-app
S2,follow-redirects_follow-redirects
S160,follow-redirects_follow-redirects
S161,follow-redirects_follow-redirects
S162,follow-redirects_follow-redirects
S2,heavyy_vue-intersect
S163,heavyy_vue-intersect
S164,heavyy_vue-intersect
S165,heavyy_vue-intersect
S2,LinusBorg_portal-vue
S166,LinusBorg_portal-vue
S102,LinusBorg_portal-vue
S167,LinusBorg_portal-vue
S168,lodash_lodash
S169,lodash_lodash
S170,lodash_lodash
S171,lodash_lodash
S172,lodash_lodash
S173,lodash_lodash
S174,lodash_lodash
S175,lodash_lodash
S176,lodash_lodash
S177,robinvdvleuten_shvl
S178,robinvdvleuten_shvl
S179,robinvdvleuten_shvl
S2-preview,robinvdvleuten_shvl
S181,robinvdvleuten_shvl
S182,robinvdvleuten_shvl
S183,robinvdvleuten_shvl
S184,robinvdvleuten_shvl
S185,robinvdvleuten_shvl
S177,robinvdvleuten_vuex-persistedstate
S178,robinvdvleuten_vuex-persistedstate
S179,robinvdvleuten_vuex-persistedstate
S2-preview,robinvdvleuten_vuex-persistedstate
S181,robinvdvleuten_vuex-persistedstate
S182,robinvdvleuten_vuex-persistedstate
S183,robinvdvleuten_vuex-persistedstate
S184,robinvdvleuten_vuex-persistedstate
S185,robinvdvleuten_vuex-persistedstate
S186,TehShrike_deepmerge
S2,TehShrike_deepmerge
S187,TehShrike_deepmerge
S188,TehShrike_deepmerge
S189,TehShrike_deepmerge
S190,TehShrike_deepmerge
S191,TehShrike_deepmerge
S192,TehShrike_deepmerge
S193,TehShrike_deepmerge
S194,TehShrike_deepmerge
S195,theKashey_focus-lock
S196,theKashey_focus-lock
S197,theKashey_focus-lock
S198,theKashey_focus-lock
S199,theKashey_focus-lock
S195,theKashey_vue-focus-lock
S196,theKashey_vue-focus-lock
S197,theKashey_vue-focus-lock
S198,theKashey_vue-focus-lock
S199,theKashey_vue-focus-lock
S200,visionmedia_debug
S2,visionmedia_debug
S201,visionmedia_debug
S202,visionmedia_debug
S203,visionmedia_debug
S204,visionmedia_debug
S205,visionmedia_debug
S206,visionmedia_debug
S207,visionmedia_debug
S2,vuejs-tips_vue-the-mask
S208,vuejs-tips_vue-the-mask
S209,vuejs_vue-router
S210,vuejs_vue-router
S2,vuejs_vue-router
S63,vuejs_vue-router
S211,vuejs_vue-router
S166,vuejs_vue-router
S102,vuejs_vue-router
S212,vuejs_vue-router
S213,vuejs_vue-router
S214,vuejs_vue-router
S215,vuejs_vue-router
S216,vuejs_vue-router
S217,vuejs_vue-router
S218,vuejs_vue-router
S200kryum,vuejs_vue
S210,vuejs_vue
S2,vuejs_vue
S220,vuejs_vue
S221,vuejs_vue
S211,vuejs_vue
S222,vuejs_vue
S166,vuejs_vue
S223,vuejs_vue
S224,vuejs_vue
S102,vuejs_vue
S225,vuejs_vue
S213,vuejs_vue
S226,vuejs_vue
S227,vuejs_vue
S228,vuejs_vue
S215,vuejs_vue
S216,vuejs_vue
S217,vuejs_vue
S218,vuejs_vue
S200kryum,vuejs_vuex
S209,vuejs_vuex
S210,vuejs_vuex
S2,vuejs_vuex
S63,vuejs_vuex
S229,vuejs_vuex
S230,vuejs_vuex
S211,vuejs_vuex
S231,vuejs_vuex
S222,vuejs_vuex
S166,vuejs_vuex
S102,vuejs_vuex
S212,vuejs_vuex
S213,vuejs_vuex
S214,vuejs_vuex
S215,vuejs_vuex
S216,vuejs_vuex
S217,vuejs_vuex
S218,vuejs_vuex
S2,yyx990803_register-service-worker
S102,yyx990803_register-service-worker
S228,yyx990803_register-service-worker
S232,yyx990803_register-service-worker
S217,yyx990803_register-service-worker
S233,zeit_ms
S234,zeit_ms
S2,zeit_ms
S235,zeit_ms
S236,zeit_ms
S237,zeit_ms
S238,zeit_ms
S239,zeit_ms
S167,zeit_ms
S240,zeit_ms
S157,zeit_ms
S241,zeit_ms
S242,zeit_ms
S184,zeit_ms
S159,zeit_ms
S199,zeit_ms
S243,zeit_ms
S2,zloirock_core-js
S244,zloirock_core-js
S3,zloirock_core-js
S245,zloirock_core-js