axios_axios,Elizabeth-Warren_iowa-caucus-app
follow-redirects_follow-redirects,axios_axios
visionmedia_debug,follow-redirects_follow-redirects
zeit_ms,visionmedia_debug
lodash_lodash,Elizabeth-Warren_iowa-caucus-app
zloirock_core-js,Elizabeth-Warren_iowa-caucus-app
robinvdvleuten_vuex-persistedstate,Elizabeth-Warren_iowa-caucus-app
robinvdvleuten_shvl,robinvdvleuten_vuex-persistedstate
TehShrike_deepmerge,robinvdvleuten_vuex-persistedstate
vuejs_vuex,Elizabeth-Warren_iowa-caucus-app
vuejs-tips_vue-the-mask,Elizabeth-Warren_iowa-caucus-app
yyx990803_register-service-worker,Elizabeth-Warren_iowa-caucus-app
vuejs_vue,Elizabeth-Warren_iowa-caucus-app
dylang_shortid,Elizabeth-Warren_iowa-caucus-app
ai_nanoid,dylang_shortid
heavyy_vue-intersect,Elizabeth-Warren_iowa-caucus-app
theKashey_vue-focus-lock,Elizabeth-Warren_iowa-caucus-app
theKashey_focus-lock,theKashey_vue-focus-lock
LinusBorg_portal-vue,Elizabeth-Warren_iowa-caucus-app
vuejs_vue-router,Elizabeth-Warren_iowa-caucus-app
date-fns_date-fns,Elizabeth-Warren_iowa-caucus-app